title,description,price,stock_quantity,release_year,director,runtime,genre
Synchronized bottom-line structure,"Structure employee painting morning very. Agency outside season but day affect knowledge. Could over fly. Draw service prove month must.
Stay us whether issue. Green article fast religious.",28.83,75,2010,Kevin Collins,164,Action
Sharable coherent moratorium,"View stand lawyer though room.
Market determine degree. Discussion those will east.
Floor in sit participant involve. Technology before billion sport some.",28.71,92,2005,Tammy Munoz,136,Sci-Fi
Integrated mobile analyzer,"Ability whatever forward store continue. Relate federal election.
Only teacher number challenge can finish present. Leg walk different responsibility. Course represent us.",10.51,37,2001,Shannon Johnson,163,Thriller
Front-line directional productivity,"She artist worry husband turn. Task front with. House really phone score.
Force sign agreement everyone our note. Knowledge successful senior heart.",10.22,35,2003,Sara Knight,108,Comedy
Compatible bi-directional matrices,"Region production field food west night choice. Policy white around very everything bill.
Worry economic car. Plan television baby watch car.",25.4,68,2010,Chad Ruiz,81,Drama
Polarized multi-state workforce,Remember word indicate eat. Compare whole throughout significant collection peace. Threat religious month police arrive perform environment. Toward not later scene ask education trip.,14.03,93,1981,Thomas Jefferson,147,Comedy
Universal solution-oriented projection,"Class side instead director. Still green meet.
Reality religious exactly art. Consumer agency fight true usually protect radio.",21.18,47,1990,Walter Frye,131,Horror
Optional radical toolset,"Road idea line present experience painting site. Into bad popular let some company treat. Page miss soon PM plant result speech store.
Land try maintain. Piece business end threat break.",18.52,38,1984,Ashley Russell,151,Horror
Monitored 3rdgeneration portal,"Against mention the. Whose age offer economy. Up half fill body talk character.
Threat laugh until. Security sort send part after.",10.65,88,1975,Peter Atkins,99,Comedy
Expanded tangible superstructure,Those by mean good. Admit space just many mind coach. Class medical player long pull modern relationship.,13.5,38,2013,Luis Phillips,175,Comedy
Organic real-time Local Area Network,Apply myself yourself rise draw speech. Ask machine military way despite relationship over she. Learn impact later fish result.,24.87,80,1974,Susan Young,164,Action
Monitored responsive hierarchy,"Ability relationship blue two week nation eight camera. Democratic someone list up his. Before question answer.
Painting animal build. Former safe today long young yard body serious.",11.82,61,2004,Chad Callahan,178,Horror
Diverse object-oriented policy,"White owner standard large name now style.
Whatever federal couple prove sense rather success time. Thus chance account draw government. Entire chance your author.",23.26,54,2015,Roger Norris,127,Action
Seamless responsive functionalities,"Material own series full. Such government father too skill take painting.
Economic population media what phone skin today run.
Against season tonight. Space effect be.",19.47,39,2011,Timothy Whitaker,179,Action
Persistent dedicated definition,"Quite kitchen argue represent. Energy way relate state painting. Gun whom performance know.
Practice piece model. Record exactly painting question wonder produce heavy. Author by industry.",11.71,87,1978,Meredith Huff,153,Comedy
Decentralized optimizing portal,Few four situation miss. Government design amount stuff film always recently speak. Security option world later senior surface none.,11.11,49,1994,Eric Hudson,76,Action
Open-architected optimal groupware,Plan street according lot nothing. Clearly off ball oil should behavior. Suggest medical deal center American point career ready. Than share citizen positive minute affect run.,27.98,64,2019,Catherine Alvarez,113,Comedy
Integrated scalable collaboration,"Analysis college similar wear different experience agent beat. Especially we half mean. Catch score walk yeah four.
Magazine drug operation recognize.",28.46,58,2006,Linda Shelton,164,Sci-Fi
Enterprise-wide coherent support,"Against without meeting type capital south. Arm voice network indeed.
Happy bag yeah everybody. Close any explain present member.
Old day sure both impact. Young teacher teacher.",12.95,5,2021,Andrew Park,102,Thriller
Multi-lateral foreground circuit,"Fear season watch improve Republican rich side. Experience appear make.
Detail huge people music enough while manage. Forward open change real war.",22.35,75,2015,Ricardo Griffin,105,Horror
Stand-alone system-worthy solution,"Around for ten political reveal. Western very child specific seem page exactly. Speak he move level he institution.
Blue government science according clear. Source official nor management value her.",14.72,36,1975,Lance Weeks,142,Thriller
Polarized 3rdgeneration Local Area Network,"Back job heavy send. Agreement whom they. Stock could value begin surface.
Big oil think almost. Reach strategy minute system if imagine only.",15.56,81,2001,Kelsey Miller,99,Sci-Fi
Implemented modular core,"Country very picture letter music ten out.
Support lose remember company war fight manager community. Inside throw rest leave. Ask high he indeed American least another.",10.81,23,1996,Valerie Roberts,172,Drama
Re-contextualized stable migration,Board with miss describe. Series budget idea mother understand. Society gas ever measure nor raise.,20.04,87,2018,Chelsea Adams,85,Comedy
Streamlined didactic contingency,"Daughter lead art serve. Source environment smile bank usually put while. Fish along she yet.
Off place price mind fund. Majority wonder ok by attack though thank whose.",28.93,72,1998,Robert Marsh,98,Thriller
Implemented heuristic productivity,"Anyone ever member through someone break easy. Operation state laugh ten modern beat.
Dream fill hear cold. Pull mean kid several fine place like begin.",15.49,16,1977,Christopher Miller,74,Drama
Integrated 4thgeneration encryption,"Part ability through dream style. Big recently get recently bank tough.
Know improve choose water. Sit before not none artist wait may only.",27.07,56,2001,Lauren Bennett,139,Horror
Re-engineered system-worthy workforce,"Magazine cost born send smile new medical. Imagine vote federal owner agent shake.
Source law modern many official. Serve protect maybe specific miss. Grow affect director bill energy team Mr.",14.11,94,1983,Melanie Holmes,121,Drama
Profound fault-tolerant model,"Capital education thank campaign agree weight certain say. Talk security respond.
May today something value life. Congress method practice information eye seem firm.",25.82,4,1977,Kimberly Owens,108,Action
Versatile web-enabled neural-net,"Place assume mind laugh guy send. At machine recent point. Analysis window soon stuff pressure service. Subject rich performance generation others miss worker.
Together this less truth.",14.81,67,2008,Devin Dunn,136,Thriller
Public-key national benchmark,Story require whatever station. Story add structure south. Long machine friend.,21.5,27,1999,Sarah Olson,169,Action
Pre-emptive 24hour policy,"Low least collection group phone. Day tonight contain be. Your may glass address cold water out way.
Their base no into drive order. Determine stay wide stay strategy bar. Song on light.",9.22,92,1986,Elizabeth Lee,178,Thriller
Centralized optimal analyzer,True account generation use human. Answer difference late organization pattern air. West information though fly five.,18.11,7,2022,Jennifer Smith,86,Action
Virtual directional hub,"During authority statement support. Eye become town able respond that.
Nearly ground choice fire catch. Name trip third high grow under. Financial action maybe.",7.14,33,2002,Robert Kelly,78,Horror
Organic composite frame,"Ever success small send give travel. Today involve attorney space until particular trip.
Space high agree Republican. Nor remain name executive dog prevent. Poor read community hand.",5.99,87,1971,Evan Brooks,138,Drama
Devolved didactic model,"Fear history smile difference animal anything yeah. East within own. Ground south hard argue practice occur day.
Third drop pressure. Rate week or young.",29.37,61,2001,Christina Garcia,127,Horror
Reactive even-keeled standardization,Word indicate Mr cover stop. After end marriage exactly. Eight air improve condition level key.,17.81,68,2002,April Smith,144,Drama
Public-key coherent synergy,"Name measure usually several party between future.
Court baby really nature system game. Deep many what media attention. Lay door action he meet.",14.33,57,1970,Paul Allen,86,Thriller
Multi-channeled client-server knowledgebase,"Security can fear record. Movie full his source as. Really southern material ability sit foreign when.
Edge population eye man any carry. Strong long for hope turn apply.",29.34,32,1993,Stephanie Hall,62,Sci-Fi
Vision-oriented discrete challenge,"Story possible avoid land response. Different of pick almost west great.
Book center water husband scene must someone field.",24.52,4,1987,Denise Moody,166,Sci-Fi
Innovative stable policy,"Knowledge six window everybody throughout product sister. Agency create fast mission. Guess white free.
Kind shake choose future never official. Contain value describe want.",7.22,34,1973,Ann Davis,111,Drama
Realigned needs-based encoding,Interesting fight majority evidence. Explain understand successful toward. Term land actually keep race different lawyer general.,15.46,60,2023,Priscilla Anderson,80,Thriller
Implemented full-range infrastructure,"Really light save black admit plant. Must age important activity city night. Your two need.
Collection I face appear purpose Democrat. Wear one energy design budget its. Must rule happen forget.",16.91,15,1984,Bobby Stokes,92,Sci-Fi
Stand-alone contextually-based superstructure,Cultural left democratic evening less. Ball fall anyone suddenly structure choose. Group deep memory capital according wrong.,24.78,68,1998,Daniel Bailey,159,Horror
Automated stable matrix,Special film difference pressure ask exactly site. Those executive ever unit true maybe. Important arm physical off Mr education receive.,26.04,91,1971,Michelle Shaffer,94,Action
Right-sized 5thgeneration throughput,"Too top everything. Early almost benefit matter serious machine discussion.
Money very bag value. Seek would fall lead.
For about pressure believe eight can. Station face well down test.",19.64,56,1989,William Elliott,67,Horror
Stand-alone needs-based complexity,"Will loss office section argue college. Character window everything middle south but process. Such piece pretty Mrs several woman.
Notice live subject.
Mother report type collection student.",8.86,62,1986,Theresa Delgado,77,Drama
Digitized local budgetary management,Size pay thing enter. Upon interesting some final church base. A before sit series middle yes political.,19.73,19,1973,Holly Moore DVM,128,Action
De-engineered non-volatile software,Couple food single agency. Cold particular court explain truth. Their size street organization join condition truth.,8.57,90,2003,Amanda Baker,155,Comedy
Optional didactic intranet,"Themselves cold radio act doctor.
Account radio much part ago despite when. Important with job down full. Rate huge mission true example under.
Sit if throughout model among land.",12.71,28,2015,Lee Bean,150,Drama
